id,name,icon,indexInfoPotion,price,priceruby,istrade,hpmpother,timedelay,value,timeactive,nameuse
0,beri,0,0,0,0,1,99,0,0,0,
1,ruby,1,0,0,0,1,98,0,0,0,
2,Thịt heo,2,1,30,0,1,1,5000,120,2000,Sử dụng
3,Gà nướng,3,2,50,0,1,1,5000,240,2000,Sử dụng
4,Sữa,4,3,20,0,1,2,5000,4,2000,Sử dụng
5,Cola,5,4,40,0,1,2,5000,8,2000,Sử dụng
6,Bánh mì,6,5,0,2,1,97,0,0,0,
7,Rương châu báu,7,6,1000,0,1,3,0,0,0,Mở rương
8,Rương châu báu lv10,7,6,1200,0,1,3,0,0,0,Mở rương
9,Rương châu báu lv20,7,6,1400,0,1,3,0,0,0,Mở rương
10,Rương châu báu lv30,7,6,1600,0,1,3,0,0,0,Mở rương
11,Rương châu báu lv40,7,6,1800,0,1,3,0,0,0,Mở rương
12,Rương châu báu lv50,7,6,2000,0,1,3,0,0,0,Mở rương
13,Rương châu báu lv60,7,6,2200,0,1,3,0,0,0,Mở rương
14,Rương châu báu lv70,7,6,2400,0,1,3,0,0,0,Mở rương
15,Rương châu báu lv80,7,6,2600,0,1,3,0,0,0,Mở rương
16,Rương châu báu lv90,7,6,2800,0,1,3,0,0,0,Mở rương
17,Rương châu báu lv100,7,6,3000,0,1,3,0,0,0,Mở rương
18,Rương huyền bí,8,7,0,4,1,4,0,0,0,Mở rương
19,Rương huyền bí lv10,8,7,0,4,1,4,0,0,0,Mở rương
20,Rương huyền bí lv20,8,7,0,4,1,4,0,0,0,Mở rương
21,Rương huyền bí lv30,8,7,0,4,1,4,0,0,0,Mở rương
22,Rương huyền bí lv40,8,7,0,4,1,4,0,0,0,Mở rương
23,Rương huyền bí lv50,8,7,0,4,1,4,0,0,0,Mở rương
24,Rương huyền bí lv60,8,7,0,4,1,4,0,0,0,Mở rương
25,Rương huyền bí lv70,8,7,0,4,1,4,0,0,0,Mở rương
26,Rương huyền bí lv80,8,7,0,4,1,4,0,0,0,Mở rương
27,Rương huyền bí lv90,8,7,0,4,1,4,0,0,0,Mở rương
28,Rương huyền bí lv100,8,7,0,4,1,4,0,0,0,Mở rương
29,Rương ác quỷ,9,8,0,50,1,5,0,0,0,Mở rương
30,XP,10,0,0,0,1,0,0,0,0,
31,Bùa xóa tội,11,9,0,5,1,6,0,0,0,Sử dụng
32,Trái Lửa,19,10,0,0,1,7,0,0,0,Ăn
33,Trái Cao Su,20,10,0,0,1,7,0,0,0,Ăn
34,Trái Tuần Lộc,21,10,0,0,1,7,0,0,0,Ăn
35,Vé tham gia Đấu Trường,13,11,0,1,1,96,0,0,0,Gọi về
36,Trái cây,14,12,10000,0,1,8,0,0,0,Gọi về
37,Vũ khí,15,13,10000,0,1,8,0,0,0,Gọi về
38,Đồ cổ,16,14,10000,0,1,8,0,0,0,Gọi về
39,Đá quý,17,15,10000,0,1,8,0,0,0,Gọi về
40,Chìa khóa Phó Bản,18,16,0,10,1,9,0,0,0,Sử dụng
41,Vé vào khu luyện tập (3 ngày),13,17,0,0,1,10,0,0,0,Sử dụng
42,Vé vào khu luyện tập (7 ngày),22,18,0,0,1,10,0,0,0,Sử dụng
43,Vé PvP,23,19,0,5,1,11,0,0,0,
44,Cẩm thạch cấp 1,24,20,0,2,1,12,0,1,0,
45,Cẩm thạch cấp 2,25,21,0,0,1,12,0,1,0,
46,Cẩm thạch cấp 3,26,22,0,0,1,12,0,1,0,
47,Cẩm thạch cấp 4,27,23,0,0,1,12,0,1,0,
48,Cẩm thạch cấp 5,28,24,0,0,1,12,0,1,0,
49,Cẩm thạch cấp 6,29,25,0,0,1,12,0,1,0,
50,Đá Topaz cấp 1,30,26,0,2,1,12,0,2,0,
51,Đá Topaz cấp 2,31,27,0,0,1,12,0,2,0,
52,Đá Topaz cấp 3,32,28,0,0,1,12,0,2,0,
53,Đá Topaz cấp 4,33,29,0,0,1,12,0,2,0,
54,Đá Topaz cấp 5,34,30,0,0,1,12,0,2,0,
55,Đá Topaz cấp 6,35,31,0,0,1,12,0,2,0,
56,Tinh thể ruby cấp 1,36,32,0,2,1,12,0,3,0,
57,Tinh thể ruby cấp 2,37,33,0,0,1,12,0,3,0,
58,Tinh thể ruby cấp 3,38,34,0,0,1,12,0,3,0,
59,Tinh thể ruby cấp 4,39,35,0,0,1,12,0,3,0,
60,Tinh thể ruby cấp 5,40,36,0,0,1,12,0,3,0,
61,Tinh thể ruby cấp 6,41,37,0,0,1,12,0,3,0,
62,Ngọc lục bảo cấp 1,42,38,0,2,1,12,0,3,0,
63,Ngọc lục bảo cấp 2,43,39,0,0,1,12,0,3,0,
64,Ngọc lục bảo cấp 3,44,40,0,0,1,12,0,3,0,
65,Ngọc lục bảo cấp 4,45,41,0,0,1,12,0,3,0,
66,Ngọc lục bảo cấp 5,46,42,0,0,1,12,0,3,0,
67,Ngọc lục bảo cấp 6,47,43,0,0,1,12,0,3,0,
68,Đá Saphia cấp 1,48,44,0,2,1,12,0,1,0,
69,Đá Saphia cấp 2,49,45,0,0,1,12,0,1,0,
70,Đá Saphia cấp 3,50,46,0,0,1,12,0,1,0,
71,Đá Saphia cấp 4,51,47,0,0,1,12,0,1,0,
72,Đá Saphia cấp 5,52,48,0,0,1,12,0,1,0,
73,Đá Saphia cấp 6,53,49,0,0,1,12,0,1,0,
74,Thạch anh tím cấp 1,54,50,0,2,1,12,0,3,0,
75,Thạch anh tím cấp 2,55,51,0,0,1,12,0,3,0,
76,Thạch anh tím cấp 3,56,52,0,0,1,12,0,3,0,
77,Thạch anh tím cấp 4,57,53,0,0,1,12,0,3,0,
78,Thạch anh tím cấp 5,58,54,0,0,1,12,0,3,0,
79,Thạch anh tím cấp 6,59,55,0,0,1,12,0,3,0,
80,Kinh nghiệm X2,60,56,0,3,1,13,0,0,0,Sử dụng
81,Lọ hồi sức 25%,61,57,0,0,1,14,2000,0,0,Sử dụng
82,Lọ hồi sức 50%,62,58,0,0,1,14,3000,0,0,Sử dụng
83,Lọ hồi sức 100%,63,59,0,0,1,14,4000,0,0,Sử dụng
84,Tượng khỉ vàng,64,60,0,0,1,15,0,0,0,Sử dụng
85,Súp baratie,65,61,80,0,1,1,5000,400,2000,Sử dụng
86,Trái Ác Quỷ,66,10,0,0,1,7,0,0,0,Ăn
87,Trái Ác Quỷ Trung Cấp,67,10,0,0,1,7,0,0,0,Ăn
88,Trái Khói,68,10,0,0,1,7,0,0,0,Ăn
89,Vé Hồi Sinh,69,62,0,3,1,16,0,0,0,Sử dụng
90,Trái bò tót,80,10,0,0,1,7,0,0,0,Ăn
91,Trái vẽ vẽ,81,10,0,0,1,7,0,0,0,Ăn
92,Trái băng,82,10,0,0,1,7,0,0,0,Ăn
93,Trái cát,83,10,0,0,1,7,0,0,0,Ăn
94,Bùa cuồng phong,84,63,0,0,1,17,0,0,0,Sử dụng
95,Bùa hồi sức băng,85,64,0,0,1,17,0,0,0,Sử dụng
96,Vỏ chuối khổng lồ,86,65,0,0,1,17,0,0,0,Sử dụng
97,Bình rượu vàng,87,66,0,0,1,17,0,0,0,Sử dụng
98,Miếng thịt khổng lồ,88,67,0,0,1,17,0,0,0,Sử dụng
99,Thùng rượu ,89,68,0,0,1,18,0,0,0,Sử dụng
100,Thịt khủng long,90,69,0,0,1,18,0,0,0,Sử dụng
101,Thẻ XP đấu trường,95,70,0,5,1,19,0,0,0,Sử dụng
102,XP x2 Phó bảng,96,71,0,0,1,20,0,0,0,
103,Phiếu giảm 20%,97,72,0,0,1,21,0,0,0,
104,Phiếu giảm 50%,98,73,0,0,1,21,0,0,0,
105,Rương báu vật ,99,74,0,0,1,22,0,0,0,Mở rương
106,Rương huyền thoại,100,75,0,0,1,23,0,0,0,Mở rương
107,Đèn cầy,101,76,0,0,1,24,0,0,0,Sử dụng
108,Que Diêm,102,76,0,0,1,24,0,0,0,Sử dụng
109,Nang Tre,103,256,0,0,1,24,0,0,0,Sử dụng
110,Giấy Dán,104,256,0,0,0,24,0,0,0,Sử dụng
111,Lồng Đen,105,76,0,0,1,24,0,0,0,Sử dụng
112,Rương Đồ Cam Lv10,99,74,0,0,1,22,0,0,0,Mở rương
113,Rương Đồ Cam Lv20,99,74,0,0,1,22,0,0,0,Mở rương
114,Rương Đồ Cam Lv30,99,74,0,0,1,22,0,0,0,Mở rương
115,Rương Đồ Cam Lv40,99,74,0,0,1,22,0,0,0,Mở rương
116,Rương Đồ Cam Lv50,99,74,0,0,1,22,0,0,0,Mở rương
117,Rương Đồ Cam Lv60,99,74,0,0,1,22,0,0,0,Mở rương
118,Rương Đồ Cam Lv70,99,74,0,0,1,22,0,0,0,Mở rương
119,Rương Đồ Cam Lv80,99,74,0,0,1,22,0,0,0,Mở rương
120,Rương Đồ Cam Lv90,99,74,0,0,1,22,0,0,0,Mở rương
121,Rương Đồ Cam Lv100,99,74,0,0,1,22,0,0,0,Mở rương
122,Rương Cam Cùng Hệ Lv10,100,75,0,0,1,23,0,0,0,Mở rương
123,Rương Cam Cùng Hệ Lv20,100,75,0,0,1,23,0,0,0,Mở rương
124,Rương Cam Cùng Hệ Lv30,100,75,0,0,1,23,0,0,0,Mở rương
125,Rương Cam Cùng Hệ Lv40,100,75,0,0,1,23,0,0,0,Mở rương
126,Rương Cam Cùng Hệ Lv50,100,75,0,0,1,23,0,0,0,Mở rương
127,Rương Cam Cùng Hệ Lv60,100,75,0,0,1,23,0,0,0,Mở rương
128,Rương Cam Cùng Hệ Lv70,100,75,0,0,1,23,0,0,0,Mở rương
129,Rương Cam Cùng Hệ Lv80,100,75,0,0,1,23,0,0,0,Mở rương
130,Rương Cam Cùng Hệ Lv90,100,75,0,0,1,23,0,0,0,Mở rương
131,Rương Cam Cùng Hệ Lv100,100,75,0,0,1,23,0,0,0,Mở rương
132,Vé đổi đồ thời trang,106,77,0,0,1,25,0,0,0,Mở rương
133,Vé kinh nghiệm đặc biệt,107,78,0,0,1,26,0,0,0,Mở rương
134,Đá Ác Quỷ,108,79,0,0,1,27,0,0,0,
135,Tinh thể đá,109,80,0,0,1,28,0,0,0,
136,Rương tím,110,81,0,0,1,29,0,0,0,Mở rương
137,Rương tím Lv10,110,81,0,0,1,29,0,0,0,Mở rương
138,Rương tím Lv20,110,81,0,0,1,29,0,0,0,Mở rương
139,Rương tím Lv30,110,81,0,0,1,29,0,0,0,Mở rương
140,Rương tím Lv40,110,81,0,0,1,29,0,0,0,Mở rương
141,Rương tím Lv50,110,81,0,0,1,29,0,0,0,Mở rương
142,Rương tím Lv60,110,81,0,0,1,29,0,0,0,Mở rương
143,Rương tím Lv70,110,81,0,0,1,29,0,0,0,Mở rương
144,Rương tím Lv80,110,81,0,0,1,29,0,0,0,Mở rương
145,Rương tím Lv90,110,81,0,0,1,29,0,0,0,Mở rương
146,Rương tím Lv100,110,81,0,0,1,29,0,0,0,Mở rương
147,Rương anh hùng,111,82,0,0,1,30,0,0,0,Mở rương
148,Rương anh hùng Lv10,111,82,0,0,1,30,0,0,0,Mở rương
149,Rương anh hùng Lv20,111,82,0,0,1,30,0,0,0,Mở rương
150,Rương anh hùng Lv30,111,82,0,0,1,30,0,0,0,Mở rương
151,Rương anh hùng Lv40,111,82,0,0,1,30,0,0,0,Mở rương
152,Rương anh hùng Lv50,111,82,0,0,1,30,0,0,0,Mở rương
153,Rương anh hùng Lv60,111,82,0,0,1,30,0,0,0,Mở rương
154,Rương anh hùng Lv70,111,82,0,0,1,30,0,0,0,Mở rương
155,Rương anh hùng Lv80,111,82,0,0,1,30,0,0,0,Mở rương
156,Rương anh hùng Lv90,111,82,0,0,1,30,0,0,0,Mở rương
157,Rương anh hùng Lv100,111,82,0,0,1,30,0,0,0,Mở rương
158,Rương đại ác quỷ,112,83,0,0,1,31,0,0,0,Mở rương
159,Xp Chiêu thức,113,84,0,0,1,32,0,0,0,Sử dụng
160,Trái sét,114,10,0,0,1,7,0,0,0,Ăn
161,Trái nham thạch,115,10,0,0,1,7,0,0,0,Ăn
162,Mảnh ghép *Cùng*,116,85,0,0,1,33,0,0,0,
163,Mảnh ghép *Vui*,117,85,0,0,1,33,0,0,0,
164,Mảnh ghép *Đón*,118,85,0,0,1,33,0,0,0,
165,Mảnh ghép *Tết*,119,85,0,0,1,33,0,0,0,
166,Mảnh ghép *2017*,120,85,0,0,1,33,0,0,0,
167,Huy hiệu tết 2017,121,86,0,0,1,34,0,0,0,
168,Vé triệu hồi quái tuyết,122,86,0,0,1,35,0,0,0,Sử dụng
169,Bao Lì Xì,124,86,0,0,1,36,0,0,0,Sử dụng
170,Rương Tết,125,87,0,0,1,37,0,0,0,Sử dụng
171,Hộp Quà 8.3,126,87,0,0,1,38,0,0,0,Sử dụng
172,Rương Vua Hùng,127,87,0,0,1,37,0,0,0,Mở rương
173,Cơm hộp hải tặc,128,88,0,3,1,1,5000,10000,2000,Sử dụng
174,Quả Conache,129,89,0,0,1,2,5000,12,2000,Sử dụng
175,Nước tăng lực,130,90,0,0,1,39,0,0,0,Sử dụng
176,Thuốc hồi sức,131,91,0,0,0,39,0,0,0,Sử dụng
177,Dược phẩm cứng cáp,132,92,0,0,0,39,0,0,0,Sử dụng
178,Vacxin kháng khuẩn,133,93,0,0,0,39,0,0,0,Sử dụng
179,Bản nhạc kích lệ,134,94,0,0,0,39,0,0,0,Sử dụng
180,Quả cầu pokemon thường,135,95,0,0,0,40,5000,0,0,Sử dụng
181,Quả cầu pokemon hiếm ,136,96,0,0,0,40,4000,0,0,Sử dụng
182,Quả cầu pokemon đặc biệt,137,97,0,0,0,40,2500,0,0,Sử dụng
183,Huy Hiệu Cỏ,138,98,0,0,0,41,0,0,0,
184,Huy Hiệu Lửa,139,98,0,0,0,41,0,0,0,
185,Huy Hiệu Nước,140,98,0,0,0,41,0,0,0,
186,Huy Hiệu Đá,141,98,0,0,0,41,0,0,0,
187,Huy hiệu Điện,142,98,0,0,0,41,0,0,0,
188,Huy hiệu đặc biệt,143,98,0,0,0,41,0,0,0,
189,Radar Tìm pokemon,144,99,0,0,0,42,0,0,0,Sử dụng
190,Bộ vật phẩm pokemon,145,100,0,0,0,43,0,0,0,Sử dụng
191,Vé triệu hồi Pokemon,146,101,0,0,0,44,0,0,0,Sử dụng
192,Vé về tuổi thơ,147,102,0,0,0,45,0,0,0,Sử dụng
193,Quả cầu băng hải tặc,148,97,0,0,0,40,2500,0,0,Sử dụng
194,Chim phương nam,150,103,0,5,1,46,0,0,0,
195,Giỏ bánh mì,149,104,0,0,1,47,0,0,0,
196,Cánh Hoa Phượng,151,105,0,0,0,48,0,0,0,
197,Phiếu giảm 500 ruby,152,106,0,0,0,21,0,0,0,
198,10 cánh hoa Phượng,151,107,0,0,0,49,0,0,0,
199,Bột Nếp,153,246,0,0,0,50,0,0,0,
200,Đường,154,108,0,0,0,50,0,0,0,
201,Đậu Xanh,155,246,0,0,0,50,0,0,0,
202,Bột Mì,156,108,0,0,0,50,0,0,0,
203,Trứng Muối,157,108,0,0,0,50,0,0,0,
204,Mứt Bí,158,108,0,0,0,50,0,0,0,
205,Khoai Môn,159,108,0,0,0,50,0,0,0,
206,Thịt,160,246,0,0,0,50,0,0,0,
207,Bánh Trung Thu,164,209,0,0,0,51,0,0,0,sử dụng
208,Bánh Đậu Xanh,161,210,0,0,0,51,0,0,0,sử dụng
209,Bánh Trứng Muối,162,211,0,0,0,51,0,0,0,sử dụng
210,Bánh Hạt Sen,362,212,0,0,0,51,0,0,0,sử dụng
211,Hộp Bánh Trung Thu,165,249,0,0,0,52,0,0,0,Sử dụng
212,Vé Ma Quỷ,166,111,0,0,0,53,0,0,0,Sử dụng
213,Hộp quà ma quái,167,112,0,0,0,54,0,0,0,Sử dụng
214,Vé tẩy tiềm năng,173,113,0,0,0,55,0,0,0,Sử dụng
215,Rương ma thuật,170,114,0,0,0,56,0,0,0,Sử dụng
216,Rương khổng lồ,169,114,0,0,0,56,0,0,0,Sử dụng
217,Rương Siêu ma thuật,171,114,0,0,0,56,0,0,0,Sử dụng
218,Rương thần thoại,172,114,0,0,0,56,0,0,0,Sử dụng
219,Trái Báo Đốm,174,10,0,0,1,7,0,0,0,Ăn
220,Trái Chim Ưng,175,10,0,0,1,7,0,0,0,Ăn
221,Đá Hải Thạch cấp 1,177,115,0,0,0,57,0,22,0,
222,Đá Hải Thạch cấp 2,178,115,0,0,0,57,0,20,0,
223,Đá Hải Thạch cấp 3,179,115,0,0,0,57,0,18,0,
224,Đá Hải Thạch cấp 4,180,115,0,0,0,57,0,16,0,
225,Đá Hải Thạch cấp 5,181,115,0,0,0,57,0,14,0,
226,Đá Hải Thạch cấp 6,182,115,0,0,0,57,0,1,0,
227,Hộp quà Noel,183,116,0,0,0,58,0,0,0,Sử dụng
228,Rương trang phục,184,314,0,0,0,59,0,0,0,Sử dụng
229,Vé đổi trang phục Noel,186,117,0,0,0,60,0,0,0,Sử dụng
230,Vé Noel,185,118,0,0,0,61,0,0,0,Sử dụng
231,Hộp quà sinh nhật,187,119,0,0,0,62,0,0,0,Sử dụng
232,Vé vòng xoay may mắn,203,120,0,15,0,63,0,0,0,
233,Khúc xương sụn,194,121,0,0,0,40,4000,0,0,Sử dụng
234,Khúc xương sườn,195,121,0,0,0,40,4000,0,0,Sử dụng
235,Khúc xương ống,196,121,0,0,0,40,4000,0,0,Sử dụng
236,Phong bao đỏ,190,122,0,0,0,64,0,0,0,
237,Nhánh mai vàng,191,122,0,0,0,64,0,0,0,
238,Cành Đào hồng,192,122,0,0,0,64,0,0,0,
239,Rương Tết 2018,193,122,0,0,0,65,0,0,0,Sử dụng
240,Trái Chấn Thiên,176,10,0,0,1,7,0,0,0,Ăn
241,Cẩm thạch - Topaz siêu cấp,210,123,0,0,1,66,0,1,0,
242,Cẩm thạch - Ruby siêu cấp,211,124,0,0,1,66,0,1,0,
243,Cẩm thạch - Ngọc siêu cấp,212,125,0,0,1,66,0,1,0,
244,Cẩm thạch - Saphia siêu cấp,213,126,0,0,1,66,0,1,0,
245,Cẩm thạch - Thạch anh siêu cấp,214,127,0,0,1,66,0,1,0,
246,Topaz - Cẩm thạch siêu cấp,215,128,0,0,1,66,0,2,0,
247,Topaz - Ruby siêu cấp,216,129,0,0,1,66,0,2,0,
248,Topaz - Ngọc siêu cấp,217,130,0,0,1,66,0,2,0,
249,Topaz - Saphia siêu cấp,218,131,0,0,1,66,0,2,0,
250,Topaz - Thạch Anh siêu cấp,219,132,0,0,1,66,0,2,0,
251,Ruby - Cẩm thạch siêu cấp,220,133,0,0,1,66,0,3,0,
252,Ruby - Topaz siêu cấp,221,134,0,0,1,66,0,3,0,
253,Ruby - Ngọc siêu cấp,222,135,0,0,1,66,0,3,0,
254,Ruby - Saphia siêu cấp,223,136,0,0,1,66,0,3,0,
255,Ruby - Thạch anh siêu cấp,224,137,0,0,1,66,0,3,0,
256,Ngọc - Cẩm thạch siêu cấp,225,138,0,0,1,66,0,3,0,
257,Ngọc - Topaz siêu cấp,226,139,0,0,1,66,0,3,0,
258,Ngọc - Ruby siêu cấp,227,140,0,0,1,66,0,3,0,
259,Ngọc - Saphia siêu cấp,228,141,0,0,1,66,0,3,0,
260,Ngọc - Thạch anh siêu cấp,229,142,0,0,1,66,0,3,0,
261,Saphia - Cẩm thạch siêu cấp,230,143,0,0,1,66,0,1,0,
262,Saphia - Topaz siêu cấp,231,144,0,0,1,66,0,1,0,
263,Saphia - Ruby siêu cấp,232,145,0,0,1,66,0,1,0,
264,Saphia - Ngọc siêu cấp,233,146,0,0,1,66,0,1,0,
265,Saphia - Thạch anh siêu cấp,234,147,0,0,1,66,0,1,0,
266,Thạch anh - Cẩm thạch siêu cấp,235,148,0,0,1,66,0,3,0,
267,Thạch anh - Topaz siêu cấp,236,149,0,0,1,66,0,3,0,
268,Thạch anh - Ruby siêu cấp,237,150,0,0,1,66,0,3,0,
269,Thạch anh - Ngọc siêu cấp,238,151,0,0,1,66,0,3,0,
270,Thạch anh - Saphia siêu cấp,239,152,0,0,1,66,0,3,0,
271,Thẻ đổi tên,204,155,0,200,1,67,0,0,0,Sử dụng
272,100 cẩm thạch cấp 3,205,156,0,500,1,68,0,0,100,
273,100 đá topaz cấp 3,206,156,0,500,1,68,0,0,100,
274,100 tinh thể ruby cấp 3,207,156,0,500,1,68,0,0,100,
275,100 ngọc lục bảo cấp 3,208,156,0,500,1,68,0,0,100,
276,100 đá saphia cấp 3,209,156,0,500,1,68,0,0,100,
277,100 thạch anh tím cấp 3,240,156,0,500,1,68,0,0,100,
278,Huy hiệu đỏ,241,157,0,0,1,41,0,0,0,
279,Huy hiệu vàng,242,157,0,0,1,41,0,0,0,
280,Huy hiệu lam,243,157,0,0,1,41,0,0,0,
281,Huy hiệu trắng,244,157,0,0,1,41,0,0,0,
282,Huy hiệu lục,245,157,0,0,1,41,0,0,0,
283,Huy hiệu cầu vòng,246,157,0,0,1,41,0,0,0,
284,Chìa khóa sắc màu,247,158,0,0,1,69,0,0,0,
285,Rương sắc màu,248,159,0,0,1,70,0,0,0,Sử dụng
286,Rương và khóa sắc màu,250,160,0,0,1,71,0,0,0,Sử dụng
287,Thời trang Râu Trắng,251,343,0,0,1,72,0,0,0,
288,Dự đoán Nga,252,162,0,0,1,73,0,0,0,Sử dụng
289,Dự đoán Uruguay,252,162,0,0,1,73,0,0,0,Sử dụng
290,Dự đoán Bồ Đào Nha,252,162,0,0,1,73,0,0,0,Sử dụng
291,Dự đoán Tây Ban Nha,252,162,0,0,1,73,0,0,0,Sử dụng
292,Dự đoán Pháp,252,162,0,0,1,73,0,0,0,Sử dụng
293,Dự đoán Đan Mạch,252,162,0,0,1,73,0,0,0,Sử dụng
294,Dự đoán Argentina,252,162,0,0,1,73,0,0,0,Sử dụng
295,Dự đoán Croatia,252,162,0,0,1,73,0,0,0,Sử dụng
296,Dự đoán Brasil,252,162,0,0,1,73,0,0,0,Sử dụng
297,Dự đoán Thụy Sĩ,252,162,0,0,1,73,0,0,0,Sử dụng
298,Dự đoán Đức,252,162,0,0,1,73,0,0,0,Sử dụng
299,Dự đoán Mexico,252,162,0,0,1,73,0,0,0,Sử dụng
300,Dự đoán Anh,252,162,0,0,1,73,0,0,0,Sử dụng
301,Dự đoán Bỉ,252,162,0,0,1,73,0,0,0,Sử dụng
302,Dự đoán Nhật Bản,252,162,0,0,1,73,0,0,0,Sử dụng
303,Dự đoán Colombia,252,162,0,0,1,73,0,0,0,Sử dụng
304,Mảnh trang phục 9x trắng,262,163,0,0,1,74,0,0,0,Sử dụng
305,Mảnh trang sức 9x trắng,263,164,0,0,1,74,0,1,0,Sử dụng
306,Mảnh vũ khí 9x trắng,264,165,0,0,1,74,0,2,0,Sử dụng
307,Mảnh trang phục 9x xanh,259,163,0,0,1,74,0,0,0,Sử dụng
308,Mảnh trang sức 9x xanh,260,164,0,0,1,74,0,1,0,Sử dụng
309,Mảnh vũ khí 9x xanh,261,165,0,0,1,74,0,2,0,Sử dụng
310,Mảnh trang phục 9x tím,256,163,0,0,1,74,0,0,0,Sử dụng
311,Mảnh trang sức 9x tím,257,164,0,0,1,74,0,1,0,Sử dụng
312,Mảnh vũ khí 9x tím,258,165,0,0,1,74,0,2,0,Sử dụng
313,Mảnh trang phục 9x cam,253,163,0,0,1,74,0,0,0,Sử dụng
314,Mảnh trang sức 9x cam,254,164,0,0,1,74,0,1,0,Sử dụng
315,Mảnh vũ khí 9x cam,255,165,0,0,1,74,0,2,0,Sử dụng
316,Trái sáp,265,10,0,0,1,7,0,0,0,Ăn
317,Trái dao,266,10,0,0,1,7,0,0,0,Ăn
318,Trái kilo,267,10,0,0,1,7,0,0,0,Ăn
319,Điểm 10,273,166,0,0,1,75,0,0,0,
320,Quà khai giảng,274,166,0,0,1,76,0,0,0,Mở
321,6 đá khảm,275,167,0,0,1,77,0,0,0,Sử dụng
322,Trái ác quỷ trung - sơ,276,168,0,0,1,78,0,0,0,Sử dụng
323,Búa siêu cấp,277,169,0,0,1,79,0,0,0,
324,Đá khảm vô cực,279,171,0,0,1,80,0,4,0,
325,Đá khảm siêu cấp S,278,170,0,0,1,80,0,4,0,
326,Đá khảm vô cực S,280,172,0,0,1,80,0,4,0,
327,Đá khảm ngẩu nhiên,281,173,0,0,1,81,0,0,0,Sử dụng
328,Đèn ngôi sao,105,213,0,0,0,82,0,0,0,Sử dụng
329,Đèn cá chép,282,214,0,0,0,82,0,0,0,Sử dụng
330,Đèn bươm bướm,283,215,0,0,0,82,0,0,0,Sử dụng
331,Hộp nguyên liệu,284,175,0,0,1,83,0,0,0,Sử dụng
332,Đèn trời,285,176,0,200,1,84,5000,0,0,Sử dụng
333,XP Skill,286,0,0,0,1,0,0,0,0,
334,Rumble trắng,287,177,0,0,1,85,2000,1000,0,Sử dụng
335,Rumble lục,288,178,0,0,1,85,2000,2000,0,Sử dụng
336,Rumble tím,289,179,0,0,1,85,2000,3000,0,Sử dụng
337,Rumble cam,290,180,0,0,1,85,2000,5000,0,Sử dụng
338,Rumble đỏ,291,181,0,0,1,85,2000,10000,0,Sử dụng
339,Búa sơ cấp,292,182,0,0,1,86,2000,0,0,Sử dụng
340,Thiệp giáng sinh,293,267,0,0,0,87,0,0,0,
341,Nắm tuyết,294,183,0,0,0,87,0,0,0,
342,Cúc áo,295,183,0,0,0,87,0,0,0,
343,Cuộn len,296,183,0,0,0,87,0,0,0,
344,Cà rốt,297,183,0,0,0,87,0,0,0,
345,Thiệp năm mới,298,183,0,0,0,87,0,0,0,
346,Nhánh cây,299,183,0,0,0,87,0,0,0,
347,Nón giáng sinh,300,267,0,0,0,87,0,0,0,
348,Triệu hồi tuyết nhỏ,301,184,0,0,0,88,0,0,0,Sử dụng
349,Túi beri,302,185,0,0,0,89,0,30000,0,Sử dụng
350,Bánh chưng,304,186,0,0,0,92,0,0,0,Ăn
351,Lá dong,305,186,0,0,0,90,0,0,0,
352,Đậu xanh,155,186,0,0,0,90,0,0,0,
353,Gạo nếp,306,186,0,0,0,90,0,0,0,
354,Thịt heo,160,186,0,0,0,90,0,0,0,
355,Rương nguyên liệu tết,307,186,0,0,0,91,0,0,0,Mở
356,Hộp trang phục,308,187,0,0,0,93,0,0,0,Mở
357,Bao lì xì Canh Tý,303,188,0,0,0,94,0,0,0,Mở
358,Thời trang tết 30 ngày,309,189,0,0,0,95,0,0,0,Sử dụng
359,Phóa hoa,310,190,0,0,0,100,0,0,0,Đốt
360,Vé tặng 10 ruby,311,191,0,0,0,101,0,0,0,
361,Vé đổi hàng,312,192,0,5,0,102,0,0,0,
362,Hổ phách cấp 1,313,193,0,0,1,12,0,1,0,
363,Hổ phách cấp 2,314,194,0,0,1,12,0,1,0,
364,Hổ phách cấp 3,315,195,0,0,1,12,0,1,0,
365,Hổ phách cấp 4,316,196,0,0,1,12,0,1,0,
366,Hổ phách cấp 5,317,197,0,0,1,12,0,1,0,
367,Hổ phách cấp 6,318,198,0,0,1,12,0,1,0,
368,Hổ phách - Cẩm thạch siêu cấp,319,199,0,0,1,66,0,1,0,
369,Hổ phách - Topaz siêu cấp,320,200,0,0,1,66,0,1,0,
370,Hổ phách - Ruby siêu cấp,321,201,0,0,1,66,0,1,0,
371,Hổ phách - Ngọc siêu cấp,322,202,0,0,1,66,0,1,0,
372,Hổ phách - Saphia siêu cấp,323,203,0,0,1,66,0,1,0,
373,Hổ phách - Thạch anh siêu cấp,324,204,0,0,1,66,0,1,0,
374,Huy hiệu voi,325,205,0,0,0,103,0,0,0,
375,Huy hiệu gà,326,205,0,0,0,103,0,0,0,
376,Huy hiệu ngựa,327,205,0,0,0,103,0,0,0,
377,Vé săn quà,328,205,0,0,0,104,0,0,0,
378,Táo,338,206,0,0,0,105,0,0,0,Sử dụng
379,Lê,332,206,0,0,0,105,0,0,0,Sử dụng
380,Cam,331,206,0,0,0,106,0,0,0,Sử dụng
381,Vé mời,333,206,0,0,0,107,0,0,0,Sử dụng
382,Thiệp mời,334,206,0,0,0,107,0,0,0,Sử dụng
383,Đồng xu cổ,337,206,0,0,0,108,0,0,0,Sử dụng
384,Vé săn heo,335,206,0,0,0,109,0,0,0,Sử dụng
385,Vé săn heo mọi,336,206,0,0,0,110,0,0,0,Sử dụng
386,Hạt giống,350,206,0,0,0,111,0,0,0,Sử dụng
387,Hạt giống thần kỳ,340,206,0,0,0,111,0,0,0,Sử dụng
388,Hạt giống may mắn,339,206,0,0,0,111,0,0,0,Sử dụng
389,Phân bón,342,206,0,0,0,112,0,0,0,Sử dụng
390,Bình nước,343,206,0,0,0,112,0,0,0,Sử dụng
391,Dâu,344,206,0,0,0,113,0,0,0,Sử dụng
392,Xoài,345,206,0,0,0,113,0,0,0,Sử dụng
393,Thanh long,346,206,0,0,0,113,0,0,0,Sử dụng
394,Mận,347,206,0,0,0,113,0,0,0,Sử dụng
395,Bưởi,348,206,0,0,0,113,0,0,0,Sử dụng
396,Giỏ trái cây,349,206,0,0,0,114,0,0,0,Sử dụng
397,Điểm hoạt động,351,206,0,0,0,115,0,0,0,Sử dụng
398,Radar truy tìm,144,207,0,0,0,116,0,0,0,Sử dụng
399,Bánh qui,352,208,0,0,0,117,0,0,0,
400,Kẹo 7 màu,353,208,0,0,0,117,0,0,0,
401,Kem tươi,354,208,0,0,0,117,0,0,0,
402,Singum,355,208,0,0,0,117,0,0,0,
403,Túi bánh ngọt,356,208,0,0,0,117,0,0,0,
404,Túi bi thủy tinh,357,208,0,0,0,117,0,0,0,
405,Kẹo bông gòn,358,208,0,0,0,117,0,0,0,
406,Vụn chocolate,359,208,0,0,0,117,0,0,0,
407,Bánh thập cẩm,163,216,0,0,0,51,0,0,0,sử dụng
408,Bánh đặc biệt,363,217,0,0,0,51,0,0,0,sử dụng
409,Dây Kẽm,360,256,0,0,0,24,0,0,0,
410,Đèn kéo quân,361,214,0,0,0,82,0,0,0,sử dụng
411,Đèn ống,369,213,0,0,0,82,0,0,0,sử dụng
412,Đèn tròn,370,214,0,0,0,82,0,0,0,sử dụng
413,Tiến cấp đơn,366,218,0,0,0,118,0,0,0,sử dụng
414,Kỹ năng đơn,367,219,0,0,0,119,0,0,0,sử dụng
415,Đại bổ đơn,368,220,0,0,0,120,0,0,0,sử dụng
416,Búa đục túi Cấp 1,372,221,0,0,0,121,0,0,0,sử dụng
417,Huy hiệu Dracula,373,263,0,0,0,122,0,0,0,Sử dụng
418,Huy hiệu Sói,374,263,0,0,0,123,0,0,0,Sử dụng
419,Bí ngô,375,224,0,0,0,124,0,0,0,Sử dụng
420,Bí ngô ma quái,377,225,0,0,0,125,0,0,0,Sử dụng
421,Bí ngô vui vẻ,376,226,0,0,0,124,0,0,0,Sử dụng
422,Bí ngô lo lắng,378,227,0,0,0,124,0,0,0,Sử dụng
423,Bí ngô sợ hãi,379,228,0,0,0,124,0,0,0,Sử dụng
424,Huy Hiệu Dracula Quỷ,381,222,0,0,0,122,0,0,0,Sử dụng
425,Huy hiệu Sói Ma,380,223,0,0,0,123,0,0,0,Sử dụng
426,Bí Ngô quỷ,382,225,0,0,0,126,0,0,0,Sử dụng
427,Trái bóng tối,383,10,0,0,1,7,0,0,0,Ăn
428,Thẻ thời trang Râu Đen,384,343,0,0,1,127,0,0,0,Sử dụng
429,Bó lạt tre,388,246,0,0,0,90,0,0,0,
430,Hũ gia vị,389,246,0,0,0,90,0,0,0,
431,Chuột Vàng,385,230,0,0,0,90,0,0,0,Sử dụng
432,Chuột Bạc,386,230,0,0,0,90,0,0,0,Sử dụng
433,Chuột Đồng,387,230,0,0,0,90,0,0,0,Sử dụng
434,Socola Đỏ,391,231,0,0,0,-1,0,0,0,Sử dụng
435,Socola Tím,392,231,0,0,0,-1,0,0,0,Sử dụng
436,Socola Sữa,393,231,0,0,0,-1,0,0,0,Sử dụng
437,Socola Love,394,231,0,0,0,-1,0,0,0,Sử dụng
438,Socola YOU,395,231,0,0,0,-1,0,0,0,Sử dụng
439,Hộp Socola,397,234,0,0,0,-1,0,0,0,Sử dụng
440,Rương tình yêu,396,232,0,0,0,0,0,0,0,Sử dụng
441,Ốc Sên,398,233,0,0,0,-2,0,0,0,
442,Mảnh bản đồ 1,399,235,0,0,1,-3,0,0,0,Đổi
443,Mảnh bản đồ 2,399,235,0,0,1,-3,0,0,0,Đổi
444,Mảnh bản đồ 3,399,235,0,0,1,-3,0,0,0,Đổi
445,Mảnh bản đồ 4,399,235,0,0,1,-3,0,0,0,Đổi
446,Mảnh bản đồ 5,399,235,0,0,1,-3,0,0,0,Đổi
447,Mảnh bản đồ 6,399,235,0,0,1,-3,0,0,0,Đổi
448,Mảnh bản đồ 7,399,235,0,0,1,-3,0,0,0,Đổi
449,Bản đồ kho báu,400,236,0,0,1,-4,0,0,0,
450,Vé biểu tượng Băng,401,237,0,0,0,-5,0,0,0,
451,Trang Giấy,402,238,0,0,0,-6,0,0,0,
452,Sách công thức,403,239,0,0,0,-6,0,0,0,
453,Vỏ ốc,404,240,0,0,0,-6,0,0,0,
454,Mảnh vỏ ốc,405,241,0,0,0,-6,0,0,0,
455,Rương Dial,407,343,0,0,0,-7,0,0,0,Sử dụng
456,Hộp trang phục cấp 1,406,243,0,0,0,93,0,0,0,Sử dụng
457,Búa đục DIAL,408,244,0,0,0,-8,0,0,0,
458,Bánh Giò,409,245,0,0,0,-9,0,0,0,Sử dụng
459,Rương bí ẩn,420,246,0,0,0,-10,0,0,0,Sử dụng
460,Trang giấy kinh,411,247,0,0,0,-11,0,0,0,
461,Lọ mực,412,247,0,0,0,-11,0,0,0,
462,Rương kì bí,418,248,0,0,0,-12,0,0,0,Sử dụng
463,Kinh kì bí,410,249,0,0,0,-11,0,0,0,
464,Chìa khóa kì bí,419,250,0,0,0,-11,0,0,0,
465,Đào tiên,416,251,0,0,0,-13,0,0,0,Ăn
466,Mảnh TT Ngộ Không,415,252,0,0,0,-14,0,0,0,
467,Thẻ TT Ngộ Không (60D),417,253,0,0,0,127,0,0,0,Sử dụng
468,Thẻ TT Ngộ Không (vv),417,253,0,0,0,127,0,0,0,Sử dụng
469,Hộp trang phục 2,414,254,0,0,0,93,0,0,0,Sử dụng
470,Rương kì bí cấp S,413,248,0,0,0,-12,0,0,0,Sử dụng
471,Bánh nướng,162,209,0,0,0,51,0,0,0,Sử dụng
472,Bánh dẻo,161,209,0,0,0,51,0,0,0,Sử dụng
473,Đèn ông sao,421,255,0,0,0,51,0,0,0,
474,Vòng Xuyến,422,256,0,0,0,51,0,0,0,
475,Thẻ TT Trung Thu,423,257,0,0,0,127,0,0,0,Sử dụng
476,Thuốc biến dị,426,258,0,0,0,-15,0,0,0,Sử dụng
477,Kẹo bí ẩn,424,259,0,0,0,-15,0,0,0,
478,Lửa thiên,425,259,0,0,0,-15,0,0,0,
479,Thẻ bí ẩn,430,259,0,0,0,-15,0,0,0,
480,Huy hiệu bí ẩn,427,259,0,0,0,-15,0,0,0,Sử dụng
481,Đồng xu bí ẩn,429,259,0,0,0,-15,0,0,0,
482,Hộp trang phục Halloween,428,260,0,0,0,93,0,0,0,Sử dụng
483,Rương ma quái,413,261,0,0,0,93,0,0,0,Sử dụng
484,Rương Halloween,167,262,0,0,0,-15,0,0,0,Sử dụng
485,Túi giáng sinh,436,183,0,0,0,-15,0,0,0,Sử dụng
486,Chuông giáng sinh,431,267,0,0,0,-15,0,0,0,
487,Vớ giáng sinh,432,267,0,0,0,-15,0,0,0,
488,Ngôi sao giáng sinh,433,267,0,0,0,-15,0,0,0,
489,Kẹo giáng sinh,437,119,0,0,0,-15,0,0,0,Sử dụng
490,Cỏ xanh,434,265,0,0,0,-15,0,0,0,
491,Cỏ 4 lá,435,266,0,0,0,-15,0,0,0,
492,Hộp quà giáng sinh,438,264,0,0,0,-15,0,0,0,Sử dụng
493,Kim cương xanh,493,268,0,0,0,-16,0,150,0,
494,Kim cương đỏ,494,269,0,0,0,-16,0,300,0,
495,Hồng ngọc,495,270,0,0,0,-16,0,350,0,
496,Lam ngọc,496,271,0,0,0,-16,0,400,0,
497,Huyết cẩm thạch,497,272,0,0,0,-16,0,450,0,
498,Lục cẩm thạch,498,273,0,0,0,-16,0,500,0,
499,San hô đỏ,499,274,0,0,0,-16,0,505,0,
500,San hô vàng,500,275,0,0,0,-16,0,510,0,
501,San hô lam,501,276,0,0,0,-16,0,515,0,
502,San hô lục,502,277,0,0,0,-16,0,520,0,
503,San hô tím,503,278,0,0,0,-16,0,525,0,
504,Thiên thạch vàng,504,279,0,0,0,-16,0,530,0,
505,Thiên thạch tím,505,280,0,0,0,-16,0,560,0,
506,Thiên thạch đỏ,506,281,0,0,0,-16,0,590,0,
507,Thiên thạch xanh,507,282,0,0,0,-16,0,620,0,
508,Ngọc trai vàng,508,283,0,0,0,-16,0,670,0,
509,Ngọc trai trắng,509,284,0,0,0,-16,0,720,0,
510,Ngọc trai đỏ,510,285,0,0,0,-16,0,770,0,
511,Ngọc trai xanh,511,286,0,0,0,-16,0,820,0,
512,Ngọc trai tím,512,287,0,0,0,-16,0,870,0,
513,Khoáng thạch vàng,513,288,0,0,0,-16,0,970,0,
514,Đá sao hỏa,514,289,0,0,0,-16,0,980,0,
515,Đá mặt trăng,515,290,0,0,0,-16,0,990,0,
516,Đá khổng tước,516,291,0,0,0,-16,0,995,0,
517,Ngọc đế quang,517,292,0,0,0,-16,0,1000,0,
518,Hôp trang phục tết,442,294,0,0,0,93,0,0,0,Sử dụng
519,Rương hành trình,443,295,0,0,0,-15,0,0,0,Sử dụng
520,Rương TT Franky,444,296,0,0,0,-15,0,0,0,Sử dụng
521,Mảnh TT Franky lịch lãm,445,297,0,0,0,-15,0,0,0,Ghép
522,Thẻ TT Franky lịch lãm,446,298,0,0,0,127,0,0,0,Sử dụng
523,Lá chuối,86,299,0,0,0,90,0,0,0,
524,Bột gạo,153,299,0,0,0,90,0,0,0,
525,Bánh Giầy,409,299,0,0,0,90,0,0,0,Ăn
526,Hộp quà đáp lễ,187,299,0,0,0,-15,0,0,0,Sử dụng
527,Rượu nền,518,299,0,0,0,-15,0,0,0,
528,Chất tạo màu,519,299,0,0,0,-15,0,0,0,
529,Chất tạo mùi,520,299,0,0,0,-15,0,0,0,
530,Aqua de Vanlecia,521,299,0,0,0,-17,0,0,0,Sử dụng
531,Blue Curacao,522,299,0,0,0,-17,0,0,0,Sử dụng
532,Old Fashioned,523,299,0,0,0,-17,0,0,0,Sử dụng
533,Sangria,524,299,0,0,0,-17,0,0,0,Sử dụng
534,Singapore Sling,525,299,0,0,0,-17,0,0,0,Sử dụng
535,Rương nguyên liệu hè,248,299,0,0,0,-15,0,0,0,Sử dụng
536,Mảnh trang phục 10x trắng,535,302,0,0,1,74,0,0,0,
537,Mảnh trang sức 10x trắng,536,303,0,0,1,74,0,1,0,
538,Mảnh vũ khí 10x trắng,537,304,0,0,1,74,0,2,0,
539,Mảnh trang phục 10x xanh,532,302,0,0,1,74,0,0,0,
540,Mảnh trang sức 10x xanh,533,303,0,0,1,74,0,1,0,
541,Mảnh vũ khí 10x xanh,534,304,0,0,1,74,0,2,0,
542,Mảnh trang phục 10x tím,529,302,0,0,1,74,0,0,0,
543,Mảnh trang sức 10x tím,530,303,0,0,1,74,0,1,0,
544,Mảnh vũ khí 10x tím,531,304,0,0,1,74,0,2,0,
545,Mảnh trang phục 10x cam,526,302,0,0,1,74,0,0,0,
546,Mảnh trang sức 10x cam,527,303,0,0,1,74,0,1,0,
547,Mảnh vũ khí 10x cam,528,304,0,0,1,74,0,2,0,
548,Khóa exp,538,305,3,0,0,-15,0,0,0,Sử dụng
549,Bảo hiểm chuyển hóa sơ,539,306,0,0,0,-15,0,0,0,Sử dụng
550,Bảo hiểm chuyển hóa trung,540,307,0,0,0,-15,0,0,0,Sử dụng
551,Bảo hiểm chuyển hóa cao,541,308,0,0,0,-15,0,0,0,Sử dụng
552,Dự đoán WALES,252,309,0,0,0,73,0,0,0,Sử dụng
553,Dự đoán Ý,252,309,0,0,0,73,0,0,0,Sử dụng
554,Dự đoán Hà Lan,252,309,0,0,0,73,0,0,0,Sử dụng
555,Dự đoán Đan Mạch,252,309,0,0,0,73,0,0,0,Sử dụng
556,Dự đoán Bỉ,252,309,0,0,0,73,0,0,0,Sử dụng
557,Dự đoán Áo,252,309,0,0,0,73,0,0,0,Sử dụng
558,Dự đoán Croatia,252,309,0,0,0,73,0,0,0,Sử dụng
559,Dự đoán Anh,252,309,0,0,0,73,0,0,0,Sử dụng
560,Dự đoán Đức,252,309,0,0,0,73,0,0,0,Sử dụng
561,Dự đoán Thụy Điển,252,309,0,0,0,73,0,0,0,Sử dụng
562,Dự đoán,252,309,0,0,0,73,0,0,0,Sử dụng
563,Dự đoán,252,309,0,0,0,73,0,0,0,Sử dụng
564,Dự đoán,252,309,0,0,0,73,0,0,0,Sử dụng
565,Dự đoán,252,309,0,0,0,73,0,0,0,Sử dụng
566,Dự đoán,252,309,0,0,0,73,0,0,0,Sử dụng
567,Dự đoán Tây Ban Nha,252,309,0,0,0,73,0,0,0,Sử dụng
568,Thẻ thời trang Euro,542,310,0,0,0,127,0,0,0,Sử dụng
569,Chè đậu đỏ,543,299,0,0,0,-11,0,0,0,Sử dụng
570,Chè đậu đỏ đặc biệt,544,299,0,0,0,-11,0,0,0,Sử dụng
571,Gỗ,545,299,0,0,0,-11,0,0,0,
572,Đá,546,299,0,0,0,-11,0,0,0,
573,Lông chim thước,547,299,0,0,0,-11,0,0,0,
574,Phiếu giao hàng,550,299,0,0,0,-11,0,0,0,Sử dụng
575,Giấy gói quà,104,311,0,0,0,-11,0,0,0,
576,Hộp bánh thượng hạng,165,312,0,0,0,-11,0,0,0,Sử dụng
577,Quả cầu Bí Ngô,168,343,0,0,0,40,0,0,0,Sử dụng
578,Rương đầu lâu,326,326,0,0,0,-11,0,0,0,Sử dụng
579,Mảnh xu hành trình,551,316,0,0,0,-11,0,0,0,
580,Xu hành trình,552,317,0,0,0,-11,0,0,0,
581,Thẻ TT Chopper khổng lồ,553,315,0,0,0,127,0,0,0,Sử dụng
582,Hộp quà số 5,566,343,0,0,0,-11,0,0,0,Sử dụng
583,Hộp quà số 6,566,343,0,0,0,-11,0,0,0,Sử dụng
584,Hộp quà số 7,566,343,0,0,0,-11,0,0,0,Sử dụng
585,Hộp quà số 8,566,343,0,0,0,-11,0,0,0,Sử dụng
586,Hộp qua sơ cấp,559,318,0,0,0,-11,0,0,0,Sử dụng
587,Hộp quà cao cấp,560,319,0,0,0,-11,0,0,0,Sử dụng
588,Khảm lv6 tự chọn,558,320,0,0,0,93,0,0,0,Sử dụng
589,Hộp trang phục Raid Suit,563,321,0,0,0,-11,0,0,0,Sử dụng
590,Gấu bông,564,299,0,0,0,-11,0,0,0,
591,cành hoa 20.10,565,299,0,0,0,-11,0,0,0,
592,Hộp quà số 1,566,325,0,0,0,-11,0,0,0,Sử dụng
593,Hộp quà số 2,566,326,0,0,0,-11,0,0,0,Sử dụng
594,Hộp quà số 3,566,327,0,0,0,-11,0,0,0,Sử dụng
595,Hộp quà số 4,566,328,0,0,0,-11,0,0,0,Sử dụng
596,Hộp quà đặc biệt,566,329,0,0,0,-11,0,0,0,Sử dụng
597,Bóng bạc,567,299,0,0,0,-11,0,0,0,
598,Bóng vàng,568,299,0,0,0,-11,0,0,0,
599,Vé world cup,570,299,0,0,0,-11,0,0,0,
600,Thẻ TT Trọng Tài WC,571,330,0,0,0,127,0,0,0,Sử dụng
601,Dự đoán Croatia,252,331,0,300,0,73,0,0,0,Sử dụng
602,Dự đoán Brasil,252,331,0,300,0,73,0,0,0,Sử dụng
603,Dự đoán Hà Lan,252,331,0,300,0,73,0,0,0,Sử dụng
604,Dự đoán Argentina,252,331,0,300,0,73,0,0,0,Sử dụng
605,Dự đoán Maroc,252,331,0,300,0,73,0,0,0,Sử dụng
606,Dự đoán Bồ Đào Nha,252,331,0,300,0,73,0,0,0,Sử dụng
607,Dự đoán Anh,252,331,0,300,0,73,0,0,0,Sử dụng
608,Dự đoán Pháp,252,331,0,300,0,73,0,0,0,Sử dụng
609,Rương Worldcup,573,299,0,0,0,-11,0,0,0,Sử dụng
610,Cúp Worldcup,569,299,0,0,0,100,0,0,0,Sử dụng
611,Bóng tuyết,294,334,0,0,0,40,0,0,0,Sử dụng
612,Cuộn len đỏ,296,333,0,0,0,-11,0,0,0,
613,Tất noel,432,119,0,0,0,-11,0,0,0,Sử dụng
614,Cuộn len trắng,574,333,0,0,0,-11,0,0,0,
615,Kim chỉ,575,333,0,0,0,-11,0,0,0,
616,Màu nhuộm đỏ,576,333,0,0,0,-11,0,0,0,
617,Màu nhuộm trắng,577,333,0,0,0,-11,0,0,0,
618,Than,578,333,0,0,0,-11,0,0,0,
619,Bông vải,579,333,0,0,0,-11,0,0,0,
620,Củi,580,333,0,0,0,-11,0,0,0,
621,Thẻ TT Argentina,581,335,0,0,0,-11,0,0,0,Sử dụng
622,Rương trang phục noel,184,336,0,0,0,93,0,0,0,Sử dụng
623,Cuộn chỉ 1,587,337,0,0,1,-11,0,0,0,
624,Cuộn chỉ 2,588,337,0,0,1,-11,0,0,0,
625,Cuộn chỉ 3,589,337,0,0,1,-11,0,0,0,
626,Cuộn chỉ 4,590,337,0,0,1,-11,0,0,0,
627,Chứng nhận sư phụ,591,338,0,0,0,-11,0,0,0,
628,Bùa xóa phản sư,566,336,0,10,0,127,0,0,0,Sử dụng
629,Cành Đào,192,339,0,0,1,-11,0,0,0,Sử dụng
630,Chữ Cùng,116,340,0,0,1,-11,0,0,0,
631,Chữ Vui,117,340,0,0,1,-11,0,0,0,
632,Chữ Đón,118,340,0,0,1,-11,0,0,0,
633,Chữ Tết,119,340,0,0,1,-11,0,0,0,
634,Chữ 2023,592,340,0,0,1,-11,0,0,0,
635,Hoa mai,191,119,0,0,1,-11,0,0,0,Sử dụng
636,Giấy đỏ,104,340,0,0,1,-11,0,0,0,
637,Hộp trang phục tết 1,594,341,0,0,0,93,0,0,0,Sử dụng
638,Hộp trang phục tết 2,595,342,0,0,1,93,0,0,0,Sử dụng
644,Đá Thời Không,601,345,0,0,1,93,0,0,0,Sử dụng
645,Đá Truyền Thuyết,602,346,3000,0,1,40,0,0,0,Sử dụng
646,Đá Siêu Truyền Thuyết,603,347,30000,0,1,40,0,0,0,Sử dụng
647,Cẩm thạch - Topaz thần thoại,604,348,0,0,1,66,0,1,0,
648,Cẩm thạch - Ruby thần thoại,605,349,0,0,1,66,0,1,0,
649,Cẩm thạch - Ngọc thần thoại,606,350,0,0,1,66,0,1,0,
650,Cẩm thạch - Saphia thần thoại,607,351,0,0,1,66,0,1,0,
651,Cẩm thạch - Thạch anh thần thoại,608,352,0,0,1,66,0,1,0,
652,Topaz - Cẩm thạch thần thoại,609,353,0,0,1,66,0,2,0,
653,Topaz - Ruby thần thoại,610,354,0,0,1,66,0,2,0,
654,Topaz - Ngọc thần thoại,611,355,0,0,1,66,0,2,0,
655,Topaz - Saphia thần thoại,612,356,0,0,1,66,0,2,0,
656,Topaz - Thạch Anh thần thoại,613,357,0,0,1,66,0,2,0,
657,Ruby - Cẩm thạch thần thoại,614,358,0,0,1,66,0,2,0,
658,Ruby - Topaz thần thoại,615,359,0,0,1,66,0,3,0,
659,Ruby - Ngọc thần thoại,616,360,0,0,1,66,0,3,0,
660,Ruby - Saphia thần thoại,617,361,0,0,1,66,0,3,0,
661,Ruby - Thạch anh thần thoại,618,362,0,0,1,66,0,3,0,
662,Ngọc - Cẩm thạch thần thoại,619,363,0,0,1,66,0,3,0,
663,Ngọc - Topaz thần thoại,620,364,0,0,1,66,0,3,0,
664,Ngọc - Ruby thần thoại,621,365,0,0,1,66,0,3,0,
665,Ngọc - Saphia thần thoại,622,366,0,0,1,66,0,3,0,
666,Ngọc - Thạch anh thần thoại,623,367,0,0,1,66,0,3,0,
667,Saphia - Cẩm thạch thần thoại,624,368,0,0,1,66,0,3,0,
668,Saphia - Topaz thần thoại,625,369,0,0,1,66,0,1,0,
669,Saphia - Ruby thần thoại,626,370,0,0,1,66,0,1,0,
670,Saphia - Ngọc thần thoại,627,371,0,0,1,66,0,1,0,
671,Saphia - Thạch anh thần thoại,628,372,0,0,1,66,0,1,0,
672,Thạch anh - Cẩm thạch thần thoại,629,373,0,0,1,66,0,1,0,
673,Thạch anh - Topaz thần thoại,630,374,0,0,1,66,0,3,0,
674,Thạch anh - Ruby thần thoại,631,375,0,0,1,66,0,3,0,
675,Thạch anh - Ngọc thần thoại,632,376,0,0,1,66,0,3,0,
676,Thạch anh - Saphia thần thoại,633,377,0,0,1,66,0,3,0,
677,Hổ phách - Cẩm thạch thần thoại,634,378,0,0,1,66,0,1,0,
678,Hổ phách - Topaz thần thoại,635,379,0,0,1,66,0,1,0,
679,Hổ phách - Ruby thần thoại,636,380,0,0,1,66,0,1,0,
680,Hổ phách - Ngọc thần thoại,637,381,0,0,1,66,0,1,0,
681,Hổ phách - Saphia thần thoại,638,382,0,0,1,66,0,1,0,
682,Hổ phách - Thạch anh thần thoại,639,383,0,0,1,66,0,1,0,
683,Đá Vô Cực Truyền Thuyết,640,384,0,0,1,40,0,0,0,Sử dụng
